Triplet,Amino acid,Fraction,Frequency/ Thousand
TTT,F,0.51,21.9
TTC,F,0.49,20.7
TTA,L,0.13,12.6
TTG,L,0.22,20.9
TAT,Y,0.52,14.8
TAC,Y,0.48,13.9
TAA,*,0.36,0.9
TAG,*,0.2,0.5
CTT,L,0.26,24.2
CTC,L,0.17,16.1
CTA,L,0.11,9.9
CTG,L,0.11,9.9
CAT,H,0.61,13.7
CAC,H,0.39,8.7
CAA,Q,0.56,19.3
CAG,Q,0.44,15.2
ATT,I,0.41,21.7
ATC,I,0.35,18.6
ATA,I,0.24,12.5
ATG,M,1,24.4
AAT,N,0.52,22.3
AAC,N,0.48,20.9
AAA,K,0.48,30.7
AAG,K,0.52,32.8
GTT,V,0.41,27.4
GTC,V,0.19,12.8
GTA,V,0.15,10
GTG,V,0.26,17.4
GAT,D,0.68,36.7
GAC,D,0.32,17.2
GAA,E,0.52,34.3
GAG,E,0.49,32.3
TCT,S,0.28,25
TCC,S,0.13,11.1
TCA,S,0.2,18.1
TCG,S,0.1,9.2
TGT,C,0.59,10.4
TGC,C,0.41,7.1
TGA,*,0.44,1.1
TGG,W,1,12.5
CCT,P,0.38,18.7
CCC,P,0.11,5.3
CCA,P,0.33,16.2
CCG,P,0.17,8.5
CGT,R,0.17,9
CGC,R,0.07,3.8
CGA,R,0.12,6.3
CGG,R,0.09,4.8
ACT,T,0.34,17.7
ACC,T,0.2,10.4
ACA,T,0.3,15.7
ACG,T,0.15,7.7
AGT,S,0.16,13.9
AGC,S,0.13,11.2
AGA,R,0.35,18.8
AGG,R,0.2,10.9
GCT,A,0.44,28.6
GCC,A,0.16,10.4
GCA,A,0.27,17.6
GCG,A,0.14,8.9
GGT,G,0.34,22.4
GGC,G,0.14,9.2
GGA,G,0.37,24.3
GGG,G,0.15,10.2
